data,temperatura,umidade,preciptacao,idade
Jan/22,27.589718711194102,62.97312824960403,8.787676536532658,36
Fev/22,26.653316724294605,65.00214568509372,8.004260741079555,36
Mar/22,27.38977411022824,55.81718295204357,0.0,36
Abr/22,26.991900928482956,53.445104025184776,2.3374635416666667,42
Mai/22,22.98534174142055,48.34489609235085,4.0055555555555555,42
Jun/22,22.80918124729783,46.65017044822981,0.0,42
Jul/22,23.245858509364705,42.92465975346031,0.0,42
Ago/22,24.958827736186073,35.559952925291306,0.0,42
Set/22,27.390616641235244,35.755718913388485,6.4989513149315385,42
